Task ID,Task Name,Start Date,End Date,Duration (Days),Phase,Owner/Team,Milestone,Dependencies,Status,Completion %,Key Deliverables
1,PROJECT KICKOFF,2025-10-17,2025-10-20,1,Initiation,Project Team,Yes,,Complete,100%,Project charter and team alignment
2,PHASE 1: FOUNDATION & INFRASTRUCTURE,2025-10-20,2025-10-26,7,Foundation,Development Team,Yes,,Complete,100%,Secure platform foundation
2.1,User Authentication System,2025-10-20,2025-10-22,3,Foundation,Backend Team,No,,Complete,100%,"Clerk authentication, user management"
2.2,Database Setup & Security,2025-10-22,2025-10-23,2,Foundation,System Architect,No,2.1,Complete,100%,Supabase database with security policies
2.3,API Security & Middleware,2025-10-24,2025-10-25,2,Foundation,Backend Team,No,2.2,Complete,100%,Protected API endpoints
2.4,Core Agent Framework,2025-10-25,2025-10-26,2,Foundation,Backend Team,No,2.3,Complete,100%,Base AI agent architecture
2.5,Phase 1 Testing & Validation,2025-10-26,2025-10-26,1,Foundation,QA Team,No,2.4,Complete,100%,Authentication and security validation
3,PHASE 1 MILESTONE: SECURE FOUNDATION COMPLETE,2025-10-26,2025-10-26,1,Foundation,Project Manager,Yes,2.5,Complete,100%,✓ Authentication working ✓ Database secured
4,PHASE 2: AI AGENTS & INTEGRATIONS,2025-10-27,2025-11-02,7,Core Development,Development Team,Yes,3,In Progress,40%,Operational AI agent system
4.1,MCP Base Server Infrastructure,2025-10-27,2025-10-27,1,Core Development,Integration Team,No,3,Complete,100%,Core MCP server framework and utilities
4.1.1,Avinode MCP Server,2025-10-27,2025-10-28,1,Core Development,Integration Team,No,4.1,Partical,50%,Flight search and RFP management (no real API key)
4.1.2,Gmail MCP Server,2025-10-28,2025-10-28,1,Core Development,Integration Team,No,4.1,Partical,50%,Email sending and template management -  (Mock Only)  (Untested)
4.1.3,Google Sheets MCP Server,2025-10-28,2025-10-29,1,Core Development,Integration Team,No,4.1,Partical,50%,Client data retrieval and updates  (Untested)
4.2,RFP Orchestrator Agent,2025-10-30,2025-10-30,1,Core Development,Backend Team,No,"4.1.1,4.1.2,4.1.3",Partical,60%,Main workflow coordinator (Tests Pending)
4.3,Client Data Manager Agent,2025-10-31,2025-10-31,1,Core Development,Backend Team,No,"4.1.1,4.1.2,4.1.3",In Progress,50%,Client profile and history management
4.4,Flight Search Agent,2025-11-01,2025-11-01,1,Core Development,Backend Team,No,4.1.1,Partical,50%,Aircraft search via Avinode (mock only)
4.5,Fix Test Infrastructure (CRITICAL),2025-11-02,2025-11-02,1,Core Development,DevOps Team,No,3,Blocked,0%,Install vitest + TypeScript + run test suite
4.6,Phase 2 Integration Testing,2025-11-02,2025-11-02,1,Core Development,QA Team,No,"4.2,4.3,4.4,4.5",Blocked,0%,Agent communication validation (blocked by 4.5)
5,PHASE 2 MILESTONE: CORE AI AGENTS OPERATIONAL,2025-11-02,2025-11-02,1,Core Development,Project Manager,Yes,4.6,In Progress,40%,⚠️ MCP servers mock-only ⚠️ Tests not run
6,PHASE 3: ADVANCED WORKFLOW & AUTOMATION,2025-11-03,2025-11-09,7,Advanced Development,Development Team,Yes,5,In Progress,15%,Complete automated RFP workflow
6.1,Proposal Analysis Agent,2025-11-03,2025-11-03,1,Advanced Development,Backend Team,No,5,Planned,0%,Intelligent proposal scoring
6.2,Communication Manager Agent,2025-11-04,2025-11-04,1,Advanced Development,Backend Team,No,5,Planned,0%,Automated client communications
6.3,Error Monitoring Agent,2025-11-05,2025-11-05,1,Advanced Development,Backend Team,No,5,Partical,70%,Self-healing error detection (tests not run)
6.4,Workflow Orchestration System,2025-11-06,2025-11-06,1,Advanced Development,System Architect,No,"6.1,6.2,6.3",Planned,0%,State machine and task coordination
6.5,Background Job Processing,2025-11-07,2025-11-07,1,Advanced Development,DevOps Team,No,6.4,Planned,0%,Scalable async task processing
6.6,End-to-End Workflow Testing,2025-11-08,2025-11-09,2,Advanced Development,QA Team,No,6.5,Planned,0%,Complete RFP flow validation
7,PHASE 3 MILESTONE: COMPLETE AI SYSTEM LIVE,2025-11-09,2025-11-09,1,Advanced Development,Project Manager,Yes,6.6,Planned,0%,✓ All 6 agents working ✓ Full automation ready
8,PHASE 4: USER INTERFACE & EXPERIENCE,2025-11-10,2025-11-16,7,Frontend Development,Frontend Team,Yes,7,In Progress,63%,Complete user-facing application
8.1,Authenticated User Interface,2025-11-10,2025-11-11,2,Frontend Development,Frontend Team,No,7,Complete,100%,Secure login and user dashboard (manually verified)
8.2,Real-time Status Updates,2025-11-11,2025-11-12,2,Frontend Development,Frontend Team,No,8.1,Complete,100%,Live quote and request tracking (UI functional)
8.3,Request Submission Workflow,2025-11-12,2025-11-13,2,Frontend Development,Frontend Team,No,8.2,Complete,100%,User-friendly RFP creation (form working)
8.4,Quote Review & PDF Generation,2025-11-13,2025-11-14,2,Frontend Development,Full Stack Team,No,8.3,In Progress,40%,Proposal viewing with PDF download
8.5,UI/UX Polish & Accessibility,2025-11-15,2025-11-16,2,Frontend Development,Frontend Team,No,8.4,Complete,100%,Professional interface and WCAG compliance (PR merged)
8.6,Frontend Testing Suite,2025-11-15,2025-11-16,2,Frontend Development,QA Team,No,8.4,Partical,60%,Playwright tests written but not executed
9,PHASE 4 MILESTONE: USER INTERFACE COMPLETE,2025-11-16,2025-11-16,1,Frontend Development,Project Manager,Yes,"8.5,8.6",In Progress,70%,✓ Full UI functional ✓ PDF generation pending
10,PHASE 5: QUALITY ASSURANCE & OPTIMIZATION,2025-11-17,2025-11-23,7,Testing & QA,QA Team,Yes,9,Planned,0%,Production-ready quality
10.1,Comprehensive Test Coverage,2025-11-17,2025-11-18,2,Testing & QA,QA Team,No,9,Planned,0%,80%+ unit and integration test coverage
10.2,Load & Performance Testing,2025-11-19,2025-11-19,1,Testing & QA,QA Team,No,10.1,Planned,0%,100+ concurrent user validation
10.3,API Performance Optimization,2025-11-20,2025-11-20,1,Testing & QA,Backend Team,No,10.2,Planned,0%,Sub-2 second response times
10.4,Database Query Optimization,2025-11-21,2025-11-21,1,Testing & QA,Backend Team,No,10.3,Planned,0%,Efficient data access patterns
10.5,Security Audit & Penetration Testing,2025-11-22,2025-11-22,1,Testing & QA,Security Team,No,10.4,Planned,0%,Vulnerability assessment and fixes
10.6,Bug Fix Sprint,2025-11-23,2025-11-23,1,Testing & QA,All Teams,No,10.5,Planned,0%,Issue resolution from testing
11,PHASE 5 MILESTONE: PRODUCTION-READY QUALITY,2025-11-23,2025-11-23,1,Testing & QA,Project Manager,Yes,10.6,Planned,0%,✓ Performance optimized ✓ Security validated
12,PHASE 6: PRODUCTION DEPLOYMENT PREP,2025-11-24,2025-11-30,7,Deployment,DevOps Team,Yes,11,Planned,0%,Launch-ready infrastructure
12.1,Monitoring & Alerting Setup,2025-11-24,2025-11-25,2,Deployment,DevOps Team,No,11,Planned,0%,Sentry error tracking and dashboards
12.2,CI/CD Pipeline Configuration,2025-11-26,2025-11-26,1,Deployment,DevOps Team,No,12.1,Planned,0%,Automated deployment workflows
12.3,Staging Environment Deployment,2025-11-27,2025-11-27,1,Deployment,DevOps Team,No,12.2,Planned,0%,Pre-production environment setup
12.4,User Acceptance Testing (UAT),2025-11-28,2025-11-28,1,Deployment,Business Team,No,12.3,Planned,0%,Stakeholder validation on staging
12.5,Production Deployment Preparation,2025-11-29,2025-11-29,1,Deployment,DevOps Team,No,12.4,Planned,0%,Final environment configuration
12.6,Pre-Launch Checklist & Validation,2025-11-30,2025-11-30,1,Deployment,All Teams,No,12.5,Planned,0%,Go/no-go decision gate
13,PHASE 6 MILESTONE: READY FOR LAUNCH,2025-11-30,2025-11-30,1,Deployment,Project Manager,Yes,12.6,Planned,0%,✓ Monitoring live ✓ UAT passed
14,PHASE 7: PRODUCTION LAUNCH,2025-12-01,2025-12-07,7,Launch,All Teams,Yes,13,Planned,0%,System live in production
14.1,Production Deployment,2025-12-01,2025-12-01,1,Launch,DevOps Team,No,13,Planned,0%,Go-live to production environment
14.2,Launch Day Monitoring,2025-12-01,2025-12-01,1,Launch,All Teams,No,14.1,Planned,0%,24/7 team coverage
14.3,Early User Onboarding,2025-12-02,2025-12-04,3,Launch,Support Team,No,14.2,Planned,0%,Pilot user group activation
14.4,Performance Monitoring & Tuning,2025-12-02,2025-12-07,6,Launch,DevOps Team,No,14.2,Planned,0%,Real-world optimization
14.5,User Feedback Collection,2025-12-05,2025-12-07,3,Launch,Product Team,No,14.3,Planned,0%,Gather early user insights
14.6,Issue Triage & Hot Fixes,2025-12-01,2025-12-07,7,Launch,Development Team,No,14.1,Planned,0%,Rapid response to production issues
15,PROJECT MILESTONE: PRODUCTION LAUNCH COMPLETE,2025-12-07,2025-12-07,1,Launch,Project Manager,Yes,"14.4,14.5,14.6",Planned,0%,✓ System live ✓ Users onboarded ✓ Stable operation
16,POST-LAUNCH SUPPORT & ITERATION,2025-12-08,2025-12-14,7,Post-Launch,All Teams,No,15,Planned,0%,Continuous improvement
16.1,Week 1 Performance Review,2025-12-08,2025-12-14,7,Post-Launch,All Teams,No,15,Planned,0%,Metrics analysis and optimization
16.2,Feature Enhancement Planning,2025-12-08,2025-12-14,7,Post-Launch,Product Team,No,15,Planned,0%,Roadmap for future iterations
17,PROJECT COMPLETION & HANDOFF,2025-12-14,2025-12-14,1,Closure,Project Manager,Yes,"16.1,16.2",Planned,0%,✓ Handoff to operations team