Task ID,Task Name,Start Date,End Date,Duration (Days),Phase,Owner/Team,Milestone,Dependencies,Linear ID,Status,Completion %,Key Deliverables
1.0,PROJECT KICKOFF,2025-10-20,2025-10-20,1,Initiation,Project Team,Yes,,,Completed,100%,Project charter and team alignment
2.0,PHASE 1: FOUNDATION & INFRASTRUCTURE,2025-10-20,2025-11-08,19,Foundation,Development Team,Yes,,,Completed,100%,Secure platform foundation with complete database schema
2.1,User Authentication System,2025-10-20,2025-10-22,3,Foundation,Backend Team,No,,,Completed,100%,"Clerk authentication, user management"
2.2,Database Setup & Security,2025-10-22,2025-11-08,17,Foundation,System Architect,No,2.1,PR-22,Completed,100%,"Supabase database with 9 migrations, 6 tables, 24 RLS policies (PR #22 MERGED)"
2.3,API Security & Middleware,2025-10-24,2025-10-25,2,Foundation,Backend Team,No,2.2,,Completed,100%,Protected API endpoints
2.4,Core Agent Framework,2025-10-25,2025-10-26,2,Foundation,Backend Team,No,2.3,,Completed,100%,Base AI agent architecture
2.5,Phase 1 Testing & Validation,2025-10-26,2025-10-26,1,Foundation,QA Team,No,2.4,,Completed,100%,Authentication and security validation
2.6,Database Schema Migration,2025-11-01,2025-11-08,8,Foundation,Backend Team,No,2.2,PR-22,Completed,100%,"Complete schema with users, requests, quotes, workflows, agents, clients tables"
2.7,Database Field Migration (iso_agent_id → user_id),2025-11-08,2025-11-08,1,Foundation,Backend Team,No,2.6,PR-8/PR-11,Completed,100%,Updated field references across codebase
3.0,PHASE 1 MILESTONE: SECURE FOUNDATION COMPLETE,2025-11-08,2025-11-08,1,Foundation,Project Manager,Yes,"2.5,2.6,2.7",,Completed,100%,✓ Authentication working ✓ Database complete with migrations ✓ 25 PRs merged
3.1,PR Code Review & Maintenance,2025-11-01,2025-11-08,8,Foundation,Development Team,No,,,Completed,100%,"25 PRs merged, 4 PRs rebased and updated"
3.2,Security Hardening,2025-11-08,2025-11-08,1,Foundation,Backend Team,No,,PR-11,Completed,100%,Strict Zod validation schemas prevent object injection
4.0,PHASE 2: CONVERSATIONAL RFP WORKFLOW,2025-11-01,2025-11-22,22,Chat Integration,Development Team,Yes,3.0,DES-226,In Progress,60%,Complete conversational AI workflow for RFP submission
4.1,DES-227: Mock Data Infrastructure,2025-11-01,2025-11-06,5,Chat Integration,Backend Team,No,3.0,DES-227,Completed,100%,Mock aircraft database and API responses operational
4.1.1,DES-231: Create Aircraft Database,2025-11-01,2025-11-01,1,Chat Integration,Backend Team,No,4.1,DES-231,Completed,100%,20+ aircraft with specifications across 4 categories
4.1.2,DES-232: Create Avinode API Response Mocks,2025-11-04,2025-11-05,2,Chat Integration,Backend Team,No,4.1.1,DES-232,Completed,100%,Mock responses for search_flights, create_rfp, get_quotes
4.1.3,DES-233: Implement Mock/Real API Toggle,2025-11-06,2025-11-06,1,Chat Integration,Backend Team,No,4.1.2,DES-233,Completed,100%,USE_MOCK_AVINODE environment variable toggle
4.2,DES-228: stdio Process Spawning for MCP,2025-11-07,2025-11-11,5,Chat Integration,Backend Team,No,4.1,DES-228,Completed,100%,MCP server connection via stdio transport
4.2.1,DES-234: Create MCPServerManager Singleton,2025-11-07,2025-11-07,1,Chat Integration,Backend Team,No,4.1,DES-234,Completed,100%,Process lifecycle manager for MCP servers
4.2.2,DES-235: Implement stdio Transport in API,2025-11-08,2025-11-08,1,Chat Integration,Backend Team,No,4.2.1,DES-235,Completed,100%,Connect API route to MCP server
4.2.3,DES-236: Add MCP Health Check Endpoint,2025-11-11,2025-11-11,1,Chat Integration,Backend Team,No,4.2.1,DES-236,Completed,100%,/api/mcp/health monitoring endpoint (PR #36)
4.3,DES-229: GPT-4o Tool Calling with MCP,2025-11-12,2025-11-14,3,Chat Integration,Backend Team,No,4.2,DES-229,Completed,100%,Execute MCP tools via GPT-4o function calling (PR #31)
4.3.1,DES-237: Implement executeTool() Function,2025-11-12,2025-11-12,1,Chat Integration,Backend Team,No,4.2.2,DES-237,Completed,100%,Core tool execution with SSE events
4.3.2,DES-238: Add Retry Logic and Error Handling,2025-11-13,2025-11-13,1,Chat Integration,Backend Team,No,4.3.1,DES-238,Completed,100%,Exponential backoff and error classification
4.3.3,DES-239: Integrate Tool Execution into Streaming,2025-11-14,2025-11-14,1,Chat Integration,Backend Team,No,"4.3.1,4.3.2",DES-239,Completed,100%,Multi-turn tool calling in OpenAI streaming loop
4.4,DES-230: Chat Interface Real API Integration,2025-11-15,2025-11-22,7,Chat Integration,Frontend Team,No,"4.1,4.2,4.3",DES-230,In Progress,70%,"ChatKit interface complete (PR #40), integration pending"
4.4.1,ChatKit Frontend Component,2025-11-08,2025-11-08,1,Chat Integration,Frontend Team,No,4.4,PR-40,Completed,100%,"Chat page, ChatKit interface, CDN integration"
4.4.2,UI Component Library,2025-11-01,2025-11-08,8,Chat Integration,Frontend Team,No,4.4,PR-8,In Review,90%,JetVision-branded components with responsive design
4.4.3,API Routes Layer Completion,2025-11-01,2025-11-08,8,Chat Integration,Backend Team,No,4.4,PR-11,In Review,90%,Complete REST endpoints with strict validation
4.4.4,Chat UI Integration with Streaming APIs,2025-11-15,2025-11-22,7,Chat Integration,Frontend Team,No,"4.4.1,4.4.2",DES-230,Planned,0%,Wire ChatKit to live streaming hooks
4.5,PHASE 2 MILESTONE: CONVERSATIONAL RFP COMPLETE,2025-11-22,2025-11-22,1,Chat Integration,Project Manager,Yes,"4.1,4.2,4.3,4.4",DES-226,Planned,60%,✓ Chat interface working ✓ Tool execution live ✓ Mock data operational
5.0,PHASE 3: ADVANCED WORKFLOW & AUTOMATION,2025-11-01,2025-11-25,25,Advanced Development,Development Team,Yes,4.5,,In Progress,75%,Complete automated RFP workflow
5.1,Proposal Analysis Agent,2025-11-01,2025-11-08,8,Advanced Development,Backend Team,No,3.0,,Completed,100%,Intelligent proposal scoring (implemented)
5.2,Communication Manager Agent,2025-11-01,2025-11-08,8,Advanced Development,Backend Team,No,3.0,,Completed,100%,Automated client communications (implemented)
5.3,Error Monitoring Agent,2025-11-01,2025-11-08,8,Advanced Development,Backend Team,No,3.0,,Completed,100%,Self-healing error detection (implemented)
5.4,Workflow Orchestration System,2025-11-01,2025-11-08,8,Advanced Development,System Architect,No,"5.1,5.2,5.3",,Completed,100%,State machine and task coordination (operational)
5.5,Background Job Processing,2025-11-01,2025-11-08,8,Advanced Development,DevOps Team,No,5.4,,Completed,100%,BullMQ task queue with Redis (implemented)
5.6,End-to-End Workflow Testing,2025-11-15,2025-11-25,10,Advanced Development,QA Team,No,5.5,,In Progress,30%,Complete RFP flow validation (test failures blocking)
5.7,TypeScript Error Cleanup,2025-11-08,2025-11-15,7,Advanced Development,Development Team,No,,,Planned,0%,Address 45+ TypeScript errors systematically
5.8,Test Suite Stabilization,2025-11-08,2025-11-15,7,Advanced Development,QA Team,No,5.6,,Planned,0%,Fix test data for strict schemas, achieve 70%+ coverage
6.0,PHASE 3 MILESTONE: COMPLETE AI SYSTEM LIVE,2025-11-25,2025-11-25,1,Advanced Development,Project Manager,Yes,"5.6,5.7,5.8",,Planned,75%,✓ All 6 agents implemented ✓ Orchestration working ✓ Need test stability
7.0,PHASE 4: USER INTERFACE & EXPERIENCE,2025-11-08,2025-12-02,25,Frontend Development,Frontend Team,Yes,6.0,,In Progress,65%,Complete user-facing application
7.1,Authenticated User Interface,2025-10-20,2025-11-08,19,Frontend Development,Frontend Team,No,3.0,,Completed,100%,Secure login and user dashboard (Clerk auth)
7.2,Real-time Status Updates,2025-11-01,2025-11-08,8,Frontend Development,Frontend Team,No,7.1,,Completed,100%,Live quote and request tracking (Supabase realtime hooks)
7.3,Request Submission Workflow,2025-11-01,2025-11-08,8,Frontend Development,Frontend Team,No,7.2,,Completed,100%,User-friendly RFP creation (forms with validation)
7.4,Quote Review & PDF Generation,2025-11-15,2025-11-30,15,Frontend Development,Full Stack Team,No,7.3,,In Progress,40%,Proposal viewing with PDF download (pending)
7.5,UI/UX Polish & Accessibility,2025-11-15,2025-12-02,17,Frontend Development,Frontend Team,No,7.4,,In Progress,70%,Professional interface and WCAG compliance
7.6,Frontend Testing Suite,2025-11-15,2025-12-02,17,Frontend Development,QA Team,No,7.4,,In Progress,35%,Automated UI testing with Vitest (failures blocking)
7.7,ChatKit Integration Completion,2025-11-15,2025-11-22,7,Frontend Development,Frontend Team,No,"7.1,7.2,4.4.1",,Planned,0%,Wire PR #40 ChatKit to streaming APIs
8.0,PHASE 4 MILESTONE: USER INTERFACE COMPLETE,2025-12-02,2025-12-02,1,Frontend Development,Project Manager,Yes,"7.5,7.6,7.7",,Planned,65%,✓ Core UI functional ✓ ChatKit ready ✓ Need PDF generation & integration
9.0,PHASE 5: QUALITY ASSURANCE & OPTIMIZATION,2025-11-08,2025-12-09,32,Testing & QA,QA Team,Yes,8.0,,In Progress,35%,Production-ready quality
9.1,Comprehensive Test Coverage,2025-11-08,2025-11-20,12,Testing & QA,QA Team,No,3.0,,In Progress,35%,80%+ unit and integration test coverage (38+ suites, failures blocking)
9.2,Load & Performance Testing,2025-11-20,2025-11-25,5,Testing & QA,QA Team,No,9.1,,Planned,0%,100+ concurrent user validation
9.3,API Performance Optimization,2025-11-25,2025-11-28,3,Testing & QA,Backend Team,No,9.2,,Planned,0%,Sub-2 second response times
9.4,Database Query Optimization,2025-11-28,2025-11-30,2,Testing & QA,Backend Team,No,9.3,,Planned,0%,Efficient data access patterns
9.5,Security Audit & Penetration Testing,2025-12-01,2025-12-05,4,Testing & QA,Security Team,No,9.4,,Planned,0%,Vulnerability assessment and fixes
9.6,Bug Fix Sprint,2025-12-06,2025-12-09,3,Testing & QA,All Teams,No,9.5,,Planned,0%,Issue resolution from testing
10.0,PHASE 5 MILESTONE: PRODUCTION-READY QUALITY,2025-12-09,2025-12-09,1,Testing & QA,Project Manager,Yes,9.6,,Planned,35%,✓ Test infrastructure ✓ Need coverage & stability
11.0,PHASE 6: PRODUCTION DEPLOYMENT PREP,2025-12-10,2025-12-16,7,Deployment,DevOps Team,Yes,10.0,,In Progress,50%,Launch-ready infrastructure
11.1,Monitoring & Alerting Setup,2025-11-01,2025-11-08,8,Deployment,DevOps Team,No,3.0,,Completed,100%,Sentry error tracking configured
11.2,CI/CD Pipeline Configuration,2025-11-01,2025-11-08,8,Deployment,DevOps Team,No,11.1,,Completed,100%,GitHub Actions workflows operational
11.3,Staging Environment Deployment,2025-11-08,2025-11-15,7,Deployment,DevOps Team,No,11.2,,In Progress,70%,Vercel deployment active, Supabase migrations applied
11.4,User Acceptance Testing (UAT),2025-11-20,2025-11-25,5,Deployment,Business Team,No,11.3,,Planned,0%,Stakeholder validation on staging
11.5,Production Deployment Preparation,2025-11-25,2025-11-30,5,Deployment,DevOps Team,No,11.4,,Planned,0%,Final environment configuration
11.6,Pre-Launch Checklist & Validation,2025-12-01,2025-12-16,15,Deployment,All Teams,No,11.5,,Planned,0%,Go/no-go decision gate
11.7,Redis/BullMQ Infrastructure,2025-11-15,2025-11-20,5,Deployment,DevOps Team,No,11.3,,Planned,0%,Production Redis for task queue
11.8,MCP Credential Management,2025-11-15,2025-11-20,5,Deployment,DevOps Team,No,11.3,,Planned,0%,Secure MCP credentials in production
12.0,PHASE 6 MILESTONE: READY FOR LAUNCH,2025-12-16,2025-12-16,1,Deployment,Project Manager,Yes,11.6,,Planned,50%,✓ Infrastructure ✓ CI/CD ✓ Need UAT & Redis
13.0,PHASE 7: PRODUCTION LAUNCH,2025-12-17,2025-12-23,7,Launch,All Teams,Yes,12.0,,Planned,0%,System live in production
13.1,Production Deployment,2025-12-17,2025-12-17,1,Launch,DevOps Team,No,12.0,,Planned,0%,Go-live to production environment
13.2,Launch Day Monitoring,2025-12-17,2025-12-17,1,Launch,All Teams,No,13.1,,Planned,0%,24/7 team coverage
13.3,Early User Onboarding,2025-12-18,2025-12-20,3,Launch,Support Team,No,13.2,,Planned,0%,Pilot user group activation
13.4,Performance Monitoring & Tuning,2025-12-18,2025-12-23,6,Launch,DevOps Team,No,13.2,,Planned,0%,Real-world optimization
13.5,User Feedback Collection,2025-12-21,2025-12-23,3,Launch,Product Team,No,13.3,,Planned,0%,Gather early user insights
13.6,Issue Triage & Hot Fixes,2025-12-17,2025-12-23,7,Launch,Development Team,No,13.1,,Planned,0%,Rapid response to production issues
14.0,PROJECT MILESTONE: PRODUCTION LAUNCH COMPLETE,2025-12-23,2025-12-23,1,Launch,Project Manager,Yes,"13.4,13.5,13.6",,Planned,0%,✓ System live ✓ Users onboarded ✓ Stable operation
15.0,POST-LAUNCH SUPPORT & ITERATION,2025-12-24,2025-12-30,7,Post-Launch,All Teams,No,14.0,,Planned,0%,Continuous improvement
15.1,Week 1 Performance Review,2025-12-24,2025-12-30,7,Post-Launch,All Teams,No,14.0,,Planned,0%,Metrics analysis and optimization
15.2,Feature Enhancement Planning,2025-12-24,2025-12-30,7,Post-Launch,Product Team,No,14.0,,Planned,0%,Roadmap for future iterations
16.0,PROJECT COMPLETION & HANDOFF,2025-12-30,2025-12-30,1,Closure,Project Manager,Yes,"15.1,15.2",,Planned,0%,✓ Handoff to operations team
BACKLOG.1,PR Review & Merge Coordination,,,Ongoing,Backlog,Development Team,No,,,In Progress,80%,"PR #40 (ChatKit), PR #39 (Linear), PR #8 (UI), PR #11 (API) awaiting review"
BACKLOG.2,TypeScript Error Resolution,,,7,Backlog,Development Team,No,,,Planned,0%,Create dedicated PR for 45+ TypeScript errors
BACKLOG.3,Test Suite Stabilization,,,7,Backlog,QA Team,No,,,Planned,0%,Fix test data for strict schemas, enable coverage reporting
BACKLOG.4,PR #6 Investigation,,,2,Backlog,Development Team,No,,,Planned,0%,Determine if Avinode MCP PR is duplicate or has unique features
BACKLOG.5,Linear Sync & Documentation Update,,,3,Backlog,Project Manager,No,,,Planned,0%,Update task statuses and project documentation
